<?xml version="1.0" encoding="UTF-8"?>
<project-private xmlns="http://www.netbeans.org/ns/project-private/1">
    <editor-bookmarks xmlns="http://www.netbeans.org/ns/editor-bookmarks/2" lastBookmarkId="0"/>
    <open-files xmlns="http://www.netbeans.org/ns/projectui-open-files/2">
        <group>
            <file>file:/C:/Users/jonas/OneDrive/Java/Projetointerr/src/projetointerr/Item.java</file>
            <file>file:/C:/Users/jonas/OneDrive/Java/Projetointerr/src/projetointerr/Projetointerr.java</file>
            <file>file:/C:/Users/jonas/OneDrive/Java/Projetointerr/src/projetointerr/Loja.java</file>
            <file>file:/C:/Users/jonas/OneDrive/Java/Projetointerr/src/projetointerr/ABSTRACT.java</file>
            <file>file:/C:/Users/jonas/OneDrive/Java/Projetointerr/src/projetointerr/Cliente.java</file>
            <file>file:/C:/Users/jonas/OneDrive/Java/Projetointerr/src/projetointerr/Venda.java</file>
            <file>file:/C:/Users/jonas/OneDrive/Java/Projetointerr/src/projetointerr/Produto.java</file>
        </group>
    </open-files>
</project-private>
